variant,num_questions,precision_at_k,recall_at_k,f1_score,accuracy,mrr
baseline+rerank,50,0.45199999999999996,0.84,0.5877399380804954,0.84,0.6583333333333333
hyde+rerank,50,0.39599999999999996,0.8,0.5297658862876254,0.8,0.653
hybrid+rerank,50,0.7639999999999999,0.92,0.8347743467933492,0.92,0.794
finance+rerank,50,0.7239999999999999,0.92,0.8103163017031629,0.92,0.84
