variant,num_questions,precision_at_k,recall_at_k,f1_score,accuracy,mrr,faithfulness,context_precision,context_recall,hallucination_rate
baseline,50,0.452,0.84,0.5877399380804954,0.84,0.6223333333333333,,,,
hyde,50,0.5066666666666666,0.82,0.6263316582914572,0.82,0.6133333333333334,,,,
hybrid,50,0.764,0.92,0.8347743467933492,0.92,0.8183333333333332,,,,
finance,50,0.7240000000000001,0.92,0.810316301703163,0.92,0.8266666666666667,,,,