variant,num_questions,precision_at_k,recall_at_k,f1_score,accuracy,mrr
baseline,50,0.452,0.84,0.5877399380804954,0.84,0.6223333333333333
baseline+rerank,50,0.45199999999999996,0.84,0.5877399380804954,0.84,0.6583333333333333
hyde,50,0.5066666666666666,0.82,0.6263316582914572,0.82,0.6133333333333334
hyde+rerank,50,0.39599999999999996,0.8,0.5297658862876254,0.8,0.653
hybrid,50,0.764,0.92,0.8347743467933492,0.92,0.8183333333333332
hybrid+rerank,50,0.7639999999999999,0.92,0.8347743467933492,0.92,0.794
finance,50,0.7240000000000001,0.92,0.810316301703163,0.92,0.8266666666666667
finance+rerank,50,0.7239999999999999,0.92,0.8103163017031629,0.92,0.84
